"metric","PPT","TMIN","TMAX","Elev"
"mean",522.934353153402,-10.0208104825819,25.2678546403829,2512.86462781669
"min",-13.5130999565125,-13.5130999565125,22.9952592849731,2147.67822265625
"max",-7.0547899723053,-7.0547899723053,27.6648788452148,2860.68774414062
