"metric","PPT","TMIN","TMAX","Elev"
"mean",522.934353153402,-10.0204568682869,25.2681018146033,2512.86462781669
"min",-13.5131999969482,-13.5131999969482,22.9952392578125,2147.67822265625
"max",-7.0545599937439,-7.0545599937439,27.6649188995361,2860.68774414062
