"metric","PPT","TMIN","TMAX","Elev"
"mean",522.379806529602,-10.241501929632,25.1653274416196,2528.10202728539
"min",-14.1812198638916,-14.1812198638916,22.8394199371338,2148.37194824219
"max",-7.10297994613647,-7.10297994613647,27.6343589782715,2884.50524902344
