"years","dataset","synchrony"
"1730-1998","defoliated","0.268777250102964"
"1750-1849","defoliated","0.365292265702405"
"1890-1989","defoliated","0.17438079173941"
"1730-1998","RWI","0.469793892561738"
